{"accuracy": [0.5900277495384216], "loss": [1.3841508626937866], "val_accuracy": [0.8120874166488647], "val_loss": [0.591385543346405]}